nameId,name,gender,age,language
1,Cart,Non-binary,47,Arabic
2,Marieann,Bigender,57,Montenegrin
3,Christal,Genderqueer,98,West Frisian
4,Kellie,Male,90,Lithuanian
5,Claudia,Non-binary,53,Zulu
6,Ronny,Female,85,Māori
7,Barney,Genderfluid,40,Greek
8,Oberon,Polygender,73,Nepali
9,Roscoe,Genderqueer,26,Punjabi
10,Antoni,Non-binary,43,Amharic
11,Briney,Polygender,32,Dutch
12,Max,Male,23,Bengali
13,Felipe,Genderfluid,33,Polish
14,Sig,Female,100,Marathi
15,Maisey,Non-binary,51,Afrikaans
16,Dasha,Agender,87,Tajik
17,Jania,Male,34,Croatian
18,Gladys,Bigender,67,Spanish
19,Lanie,Polygender,22,Tswana
20,Brynn,Female,79,Gagauz
21,Herminia,Male,21,Māori
22,Amalea,Genderfluid,72,Northern Sotho
23,Margalit,Male,20,Kashmiri
24,Augie,Agender,27,Tetum
25,Dannie,Polygender,100,Kurdish
26,Beverley,Polygender,83,Indonesian
27,Melisa,Genderqueer,66,Persian
28,Brigida,Male,93,Amharic
29,Nonie,Female,86,Kashmiri
30,Cherlyn,Genderqueer,49,Quechua
31,Tabatha,Bigender,96,Spanish
32,Darice,Bigender,56,Estonian
33,Pierette,Agender,43,Icelandic
34,Ashley,Non-binary,35,Dari
35,Erinn,Genderqueer,99,Hungarian
36,Gustavo,Bigender,14,Moldovan
37,Ainsley,Bigender,72,Luxembourgish
38,Powell,Agender,84,Spanish
39,Akim,Polygender,86,Dzongkha
40,Bernhard,Bigender,76,Maltese
41,Flori,Polygender,59,Polish
42,Donovan,Polygender,52,German
43,Boycey,Female,40,Dari
44,Babbette,Polygender,35,West Frisian
45,Valencia,Polygender,41,Moldovan
46,Bay,Non-binary,33,Norwegian
47,Maryellen,Polygender,69,English
48,Jimmy,Genderfluid,32,Azeri
49,Erik,Female,31,Icelandic
50,Vernon,Agender,95,Mongolian
51,Adorne,Polygender,15,Hungarian
52,Hyacinth,Polygender,100,Kyrgyz
53,Dominica,Genderfluid,94,Macedonian
54,Patrica,Genderqueer,74,Afrikaans
55,Dehlia,Agender,102,Azeri
56,Karina,Polygender,90,Swahili
57,Katlin,Polygender,14,Catalan
58,Parnell,Genderqueer,24,Indonesian
59,Genni,Genderfluid,91,Lithuanian
60,Fannie,Polygender,78,Mongolian
61,Aida,Polygender,87,Tetum
62,Frasco,Polygender,15,Māori
63,Lilah,Agender,37,Icelandic
64,Clarinda,Bigender,102,Somali
65,Erin,Male,39,French
66,Jdavie,Genderfluid,13,Tswana
67,Dolley,Genderqueer,43,Northern Sotho
68,Gerald,Genderfluid,74,Yiddish
69,Chickie,Agender,51,Gujarati
70,Charmane,Agender,17,Czech
71,Sharline,Genderfluid,70,Tok Pisin
72,Blondy,Genderqueer,47,West Frisian
73,Charisse,Bigender,101,Icelandic
74,Julietta,Male,95,Kashmiri
75,Carey,Genderfluid,33,Bengali
76,Gerick,Non-binary,76,Hiri Motu
77,Michel,Female,52,Bengali
78,Gradeigh,Male,50,Swati
79,Alonzo,Non-binary,56,Malagasy
80,Fredrika,Male,63,Bosnian
81,Annora,Genderqueer,30,Hindi
82,Sterne,Genderqueer,13,Hungarian
83,Marietta,Female,17,Tamil
84,Vere,Agender,56,Amharic
85,Lari,Female,68,Croatian
86,Jarret,Genderqueer,36,English
87,Barbabas,Non-binary,26,Tamil
88,Nissie,Polygender,44,Bengali
89,Giuseppe,Male,60,Chinese
90,Bud,Agender,37,Catalan
91,Mallorie,Genderfluid,63,New Zealand Sign Language
92,Marge,Female,100,West Frisian
93,Viviyan,Non-binary,97,Lithuanian
94,Lilia,Polygender,87,Tajik
95,Jozef,Female,39,Albanian
96,Edna,Polygender,53,Tswana
97,Durand,Genderqueer,101,Punjabi
98,Che,Genderfluid,46,Luxembourgish
99,Romona,Genderqueer,52,Swati
100,Kira,Bigender,87,Hindi
101,Caddric,Genderqueer,20,Malayalam
102,Olag,Genderqueer,81,Tsonga
103,Bil,Polygender,64,Romanian
104,William,Agender,14,Icelandic
105,Berta,Genderqueer,29,Catalan
106,Dorian,Genderqueer,78,Zulu
107,Vite,Genderfluid,17,West Frisian
108,Dag,Non-binary,60,Kyrgyz
109,Ty,Bigender,82,Kurdish
110,Gardie,Agender,53,Armenian
111,Orson,Non-binary,46,Norwegian
112,Sammie,Genderfluid,26,Finnish
113,Sully,Polygender,64,Icelandic
114,Jasun,Genderfluid,52,Malayalam
115,Nadean,Female,85,Kurdish
116,Inger,Polygender,50,Marathi
117,Jeno,Female,51,Dzongkha
118,Nell,Bigender,32,Swahili
119,Henrik,Non-binary,69,Hebrew
120,Prentice,Male,92,Swedish
121,Ab,Genderfluid,85,Amharic
122,Ilysa,Female,96,Swahili
123,Hyman,Polygender,34,Lithuanian
124,L;urette,Bigender,52,Norwegian
125,Mia,Genderqueer,18,Tok Pisin
126,Rosanne,Genderqueer,82,Finnish
127,Hanson,Male,69,Swedish
128,Garry,Bigender,35,Thai
129,Lesley,Genderfluid,30,Tajik
130,Leanna,Male,16,Polish
131,Euphemia,Agender,96,Pashto
132,Domini,Female,53,Persian
133,Xylia,Female,53,Maltese
134,Annabel,Polygender,35,Somali
135,Blondelle,Non-binary,101,Italian
136,Karoly,Genderqueer,74,Lao
137,Farrel,Genderqueer,17,Telugu
138,Reba,Male,80,Korean
139,Donny,Polygender,25,Kashmiri
140,Arnoldo,Genderqueer,98,Lao
141,Virgilio,Agender,80,Catalan
142,Patrizius,Bigender,31,Malay
143,Wallache,Male,33,Yiddish
144,Eddie,Genderfluid,71,Ndebele
145,Dorthea,Female,60,Kyrgyz
146,Kerr,Male,85,Indonesian
147,Axel,Genderfluid,47,Afrikaans
148,Kim,Polygender,68,Albanian
149,Fergus,Agender,26,Belarusian
150,Guillema,Agender,16,Nepali
151,Mellie,Non-binary,39,Romanian
152,Susy,Bigender,24,Burmese
153,Timofei,Male,78,Kyrgyz
154,Nickolas,Female,83,Hebrew
155,Lissi,Bigender,35,Filipino
156,Ellen,Female,24,Macedonian
157,Erhard,Female,81,Persian
158,Karole,Non-binary,69,West Frisian
159,Amandy,Genderfluid,39,Tamil
160,Delmar,Polygender,18,Kashmiri
161,Hamil,Female,44,Guaraní
162,Lucinda,Genderqueer,31,Tsonga
163,Wendie,Female,73,Ndebele
164,Laetitia,Agender,52,Tok Pisin
165,Sherry,Bigender,12,Kyrgyz
166,Ikey,Male,26,Amharic
167,Orelee,Agender,60,Azeri
168,Theodor,Agender,24,Indonesian
169,Dyna,Female,89,Armenian
170,Bert,Agender,36,Hiri Motu
171,Glenden,Non-binary,46,Belarusian
172,Rochella,Genderqueer,60,Pashto
173,Lorrin,Genderqueer,33,Icelandic
174,Orson,Male,29,Moldovan
175,Araldo,Agender,40,Malayalam
176,Nissy,Polygender,62,Indonesian
177,Corenda,Genderqueer,87,Guaraní
178,Barbabas,Male,57,Swati
179,Francisco,Genderfluid,66,Haitian Creole
180,Hermione,Female,33,Catalan
181,Carmelia,Female,19,Māori
182,Ashil,Bigender,27,Kannada
183,Panchito,Agender,82,Armenian
184,Doria,Polygender,15,Tswana
185,Eleni,Agender,102,Tamil
186,Linette,Female,95,Latvian
187,Susi,Bigender,23,Belarusian
188,Clemmie,Bigender,97,Lithuanian
189,Spence,Agender,94,Portuguese
190,Pooh,Female,18,Estonian
191,Chelsie,Genderqueer,61,Tamil
192,Shannon,Bigender,45,Swati
193,Dorian,Agender,44,Azeri
194,Susannah,Agender,51,Bengali
195,Meir,Non-binary,50,Croatian
196,Burr,Non-binary,85,Assamese
197,Nathaniel,Genderfluid,102,Tetum
198,Jarrod,Polygender,13,Afrikaans
199,Lilith,Female,83,Bengali
200,Rourke,Genderqueer,60,Montenegrin
201,Norrie,Bigender,90,Tamil
202,Tallia,Genderfluid,101,Tajik
203,Mindy,Female,46,Armenian
204,Marylee,Genderfluid,29,Icelandic
205,Eleanor,Agender,48,Yiddish
206,Myrtie,Male,87,Moldovan
207,Arel,Agender,57,Portuguese
208,Naomi,Polygender,97,Mongolian
209,Hayyim,Male,70,Zulu
210,Selie,Polygender,45,Telugu
211,Lara,Agender,68,Malagasy
212,Rosene,Male,88,Oriya
213,Sloan,Genderqueer,36,Somali
214,Rafaelita,Non-binary,50,Sotho
215,Ewen,Male,35,Chinese
216,Wynnie,Male,71,Greek
217,Benn,Bigender,65,Nepali
218,Anthea,Agender,90,Amharic
219,Daryl,Polygender,72,Afrikaans
220,Latisha,Non-binary,90,Spanish
221,Bonnibelle,Male,34,Dzongkha
222,Jilli,Genderqueer,69,Bosnian
223,Dynah,Agender,21,Norwegian
224,Therine,Agender,20,Khmer
225,Codie,Male,100,Armenian
226,Beckie,Male,83,Moldovan
227,Malcolm,Polygender,59,Korean
228,Dallas,Genderqueer,20,Burmese
229,De witt,Agender,27,Nepali
230,Rainer,Polygender,80,Bislama
231,Thurstan,Male,68,Kurdish
232,Nina,Non-binary,34,Bulgarian
233,Davida,Non-binary,74,Norwegian
234,Agatha,Non-binary,88,Georgian
235,Orbadiah,Agender,60,Yiddish
236,Sergeant,Genderfluid,94,Nepali
237,Virgil,Non-binary,77,Croatian
238,Paulette,Male,78,West Frisian
239,Carly,Polygender,85,Tsonga
240,Desiree,Agender,46,Kazakh
241,Chrystal,Agender,69,Malayalam
242,Egan,Genderqueer,91,Māori
243,Jerri,Genderfluid,50,Azeri
244,Doloritas,Genderqueer,55,Hiri Motu
245,Wrennie,Genderfluid,15,Tetum
246,Maddy,Polygender,37,Czech
247,Cloe,Polygender,88,Marathi
248,Quintus,Genderfluid,35,Irish Gaelic
249,Tracey,Male,40,Malayalam
250,Myrtia,Agender,96,West Frisian
251,Giles,Bigender,99,Malagasy
252,Harrie,Genderqueer,21,Hungarian
253,Alejoa,Female,14,Swedish
254,Henrie,Genderfluid,95,Icelandic
255,Ed,Male,97,Catalan
256,Thibaut,Non-binary,37,Finnish
257,Jarrid,Genderqueer,87,Pashto
258,Shane,Female,82,Latvian
259,Sande,Genderfluid,73,Tajik
260,Dolores,Polygender,75,Persian
261,Angelico,Agender,82,Irish Gaelic
262,Devin,Male,21,Hindi
263,Monro,Genderqueer,13,Swahili
264,Letisha,Non-binary,82,Afrikaans
265,Normand,Agender,27,Kashmiri
266,Krystal,Male,85,Papiamento
267,Kalle,Agender,90,Catalan
268,Sky,Agender,86,Mongolian
269,Gavra,Male,89,Sotho
270,Genny,Bigender,90,Japanese
271,Vere,Female,46,Swahili
272,Werner,Non-binary,76,Māori
273,Nanette,Male,88,Tamil
274,Vivianna,Bigender,99,Kannada
275,Benoite,Female,94,Tok Pisin
276,Wade,Agender,51,Macedonian
277,Sal,Genderqueer,85,Assamese
278,Zorana,Non-binary,97,Croatian
279,Lon,Bigender,88,Hindi
280,Joey,Male,47,Spanish
281,Della,Genderfluid,16,Aymara
282,Dare,Bigender,60,Haitian Creole
283,Jacqueline,Bigender,53,Czech
284,Nerissa,Genderfluid,32,Nepali
285,Muire,Genderqueer,48,Montenegrin
286,Ephraim,Bigender,35,Bulgarian
287,Gare,Male,37,Danish
288,Lionello,Bigender,36,Burmese
289,Alwin,Genderfluid,15,Nepali
290,Cate,Polygender,34,Catalan
291,Christine,Agender,64,Quechua
292,Babbie,Genderfluid,102,Arabic
293,Dyann,Polygender,43,Danish
294,Brock,Genderqueer,79,Mongolian
295,Allie,Agender,43,Finnish
296,Sergent,Female,82,Georgian
297,Jeffy,Agender,92,Somali
298,Jany,Agender,38,Spanish
299,Drew,Non-binary,57,Lao
300,Errick,Male,96,Spanish
301,Montgomery,Agender,91,Danish
302,Bevan,Genderfluid,50,Swahili
303,Jackie,Genderqueer,101,Czech
304,Berty,Genderqueer,87,Nepali
305,Cilka,Genderfluid,68,Malayalam
306,Jackquelin,Non-binary,80,Montenegrin
307,Clarance,Bigender,14,Tsonga
308,Nonie,Genderqueer,77,Swati
309,Maible,Genderqueer,88,Kurdish
310,Nolana,Genderqueer,40,Punjabi
311,Carol-jean,Male,31,Fijian
312,Sigismond,Agender,96,Czech
313,Pall,Male,53,New Zealand Sign Language
314,Davina,Genderfluid,55,German
315,Letti,Non-binary,76,Thai
316,Burr,Bigender,89,Belarusian
317,Kelli,Female,53,Persian
318,Marianna,Non-binary,33,Portuguese
319,Allis,Genderqueer,86,Telugu
320,Maura,Agender,58,Gagauz
321,Cherice,Agender,47,Italian
322,Rik,Agender,102,Spanish
323,Hans,Male,63,Swati
324,Levy,Bigender,83,Assamese
325,Drusilla,Genderqueer,42,Georgian
326,Ramsey,Genderqueer,43,Marathi
327,Martie,Non-binary,36,Armenian
328,Stacie,Genderfluid,95,German
329,Ennis,Female,86,Tsonga
330,Ezri,Polygender,35,Pashto
331,Rasla,Genderqueer,22,Kyrgyz
332,Clemens,Female,97,Finnish
333,Pascale,Male,73,Lao
334,Shea,Female,100,Malagasy
335,Janey,Male,88,Papiamento
336,Angele,Agender,38,Latvian
337,Clarey,Agender,91,Irish Gaelic
338,Tod,Agender,90,Persian
339,Horten,Genderqueer,34,Khmer
340,Missie,Male,79,Czech
341,Imelda,Agender,17,Swedish
342,Tandy,Male,53,Danish
343,Livy,Genderfluid,63,Nepali
344,Jules,Genderfluid,40,Khmer
345,Andrej,Agender,59,Romanian
346,Corrie,Agender,35,Amharic
347,Katinka,Genderqueer,42,Danish
348,Verena,Female,66,Guaraní
349,Fleur,Genderfluid,82,Swati
350,Gratiana,Male,87,German
351,Cello,Male,29,Tsonga
352,Akim,Genderfluid,28,Fijian
353,Leann,Genderfluid,84,Romanian
354,Jaquelin,Agender,23,Luxembourgish
355,Crin,Genderfluid,64,Tamil
356,Barton,Agender,79,Lithuanian
357,Nicko,Female,74,Malayalam
358,Lancelot,Genderfluid,27,English
359,Elysia,Genderfluid,65,Dzongkha
360,Kailey,Bigender,20,Quechua
361,Amii,Male,64,Khmer
362,Zachery,Agender,92,Danish
363,Farlay,Agender,77,Malay
364,Lane,Agender,90,Ndebele
365,Taylor,Non-binary,59,Dutch
366,Kippie,Agender,70,Bosnian
367,Arlyn,Female,99,Catalan
368,Tybi,Female,74,Filipino
369,Helaine,Female,75,Dhivehi
370,Nadeen,Genderqueer,48,Lao
371,Cornela,Female,68,Hebrew
372,Rosetta,Polygender,15,Catalan
373,Tim,Genderqueer,96,Japanese
374,Even,Agender,37,Greek
375,Jocelyn,Bigender,63,Luxembourgish
376,Townie,Agender,17,Kashmiri
377,Wilek,Agender,79,Kannada
378,Chance,Polygender,62,Kurdish
379,Edi,Polygender,39,Croatian
380,Cherry,Bigender,78,New Zealand Sign Language
381,Bar,Genderfluid,58,Kannada
382,Armando,Bigender,44,Gujarati
383,Arch,Bigender,31,French
384,Anne,Genderfluid,56,Georgian
385,Elspeth,Genderqueer,39,Ndebele
386,Patten,Genderqueer,28,Maltese
387,Pincas,Agender,15,Swahili
388,Leland,Bigender,28,Quechua
389,Anabel,Non-binary,85,Dzongkha
390,Goraud,Genderqueer,91,Zulu
391,Sharon,Female,62,Georgian
392,Donal,Bigender,63,Italian
393,Kirstyn,Genderfluid,22,Punjabi
394,Kristen,Bigender,78,Bengali
395,Taryn,Non-binary,42,Tsonga
396,Garreth,Polygender,62,German
397,Bendix,Polygender,85,Tetum
398,Marlyn,Female,29,Quechua
399,Shanan,Polygender,79,Yiddish
400,Wynny,Non-binary,27,Irish Gaelic
401,Corly,Agender,53,Armenian
402,Ellis,Non-binary,71,Māori
403,Pennie,Genderfluid,102,Tamil
404,Ludvig,Female,50,Haitian Creole
405,Tann,Genderfluid,41,Lao
406,Melodee,Bigender,73,Swedish
407,Alister,Female,31,Bislama
408,Griff,Bigender,71,Hiri Motu
409,Timothea,Genderfluid,59,Lao
410,Warren,Genderfluid,95,Tswana
411,Leopold,Genderfluid,78,Persian
412,Mac,Genderqueer,92,French
413,Barn,Male,44,Bislama
414,Tracy,Non-binary,92,Belarusian
415,Paddie,Bigender,71,Maltese
416,Daveen,Non-binary,64,Catalan
417,Gustave,Non-binary,68,West Frisian
418,Sisely,Non-binary,30,Swati
419,Seymour,Agender,19,New Zealand Sign Language
420,Charlean,Polygender,49,Luxembourgish
421,Milton,Male,55,Telugu
422,Bathsheba,Female,47,Dutch
423,Elonore,Male,65,Croatian
424,Estele,Female,17,Haitian Creole
425,Lizzy,Male,34,New Zealand Sign Language
426,Guinevere,Bigender,75,Oriya
427,Carlen,Female,89,Japanese
428,Vernice,Non-binary,25,Tswana
429,Carin,Non-binary,84,Moldovan
430,Kirby,Genderqueer,16,French
431,Ronna,Agender,57,Chinese
432,Joycelin,Female,66,Maltese
433,Cicely,Agender,26,Amharic
434,Georgetta,Genderfluid,34,Indonesian
435,Dominick,Non-binary,47,Tok Pisin
436,Blake,Polygender,65,Nepali
437,Barney,Bigender,89,New Zealand Sign Language
438,Isabelita,Genderqueer,46,Greek
439,Billy,Genderfluid,26,Marathi
440,Dael,Bigender,18,Oriya
441,Serena,Non-binary,70,Swahili
442,Rafe,Agender,52,Belarusian
443,Byron,Genderfluid,78,Hindi
444,Bartolomeo,Bigender,79,Ndebele
445,Tammy,Bigender,67,Gagauz
446,Maye,Genderfluid,102,Northern Sotho
447,Waverly,Genderfluid,64,New Zealand Sign Language
448,Yalonda,Genderqueer,24,Dhivehi
449,Wright,Non-binary,62,Yiddish
450,Lissy,Bigender,42,New Zealand Sign Language
451,Brooks,Genderqueer,78,Swahili
452,Curtis,Genderqueer,77,French
453,Sile,Polygender,65,Nepali
454,Hewet,Non-binary,23,Luxembourgish
455,Nichols,Female,96,Hindi
456,Allister,Genderqueer,29,Hebrew
457,Vikky,Polygender,95,Finnish
458,Manuel,Bigender,48,Dzongkha
459,Gypsy,Agender,61,Persian
460,Manon,Bigender,68,Marathi
461,Traci,Genderqueer,70,Oriya
462,Kippy,Agender,63,Fijian
463,Valle,Genderfluid,88,Hindi
464,Joane,Agender,77,English
465,Tedda,Genderfluid,73,Lithuanian
466,Keefe,Genderfluid,13,Kashmiri
467,Zebedee,Female,67,Kannada
468,Fredelia,Agender,93,Quechua
469,Renee,Male,66,Malayalam
470,Tildie,Polygender,47,Albanian
471,Roselle,Bigender,98,Spanish
472,Ogden,Genderfluid,17,Assamese
473,Fernande,Non-binary,60,Romanian
474,Bobinette,Agender,22,Moldovan
475,Sheila,Genderfluid,25,Fijian
476,Carly,Non-binary,59,Finnish
477,Shadow,Polygender,86,Dhivehi
478,Clarabelle,Female,55,Tswana
479,Annaliese,Polygender,17,Gagauz
480,Dierdre,Genderqueer,102,Persian
481,Douglass,Polygender,95,Swati
482,Cazzie,Genderqueer,81,Kazakh
483,Dodi,Male,85,Aymara
484,Valaria,Non-binary,83,Tamil
485,Gill,Agender,27,West Frisian
486,Walsh,Non-binary,80,Kyrgyz
487,Herrick,Polygender,62,Swahili
488,Valentijn,Non-binary,85,Tswana
489,Ebenezer,Genderqueer,28,Tajik
490,Coleen,Genderfluid,76,Chinese
491,Clive,Polygender,92,Bislama
492,Hedi,Genderqueer,48,Hungarian
493,Kit,Female,91,Northern Sotho
494,Callean,Genderqueer,53,Assamese
495,Floyd,Non-binary,97,Nepali
496,Arlin,Genderfluid,65,Amharic
497,Lurleen,Non-binary,33,Armenian
498,Jakie,Genderqueer,37,Māori
499,Deva,Bigender,32,Norwegian
500,Gertie,Genderqueer,33,Papiamento
501,Nil,Non-binary,55,Khmer
502,Fernanda,Female,13,Irish Gaelic
503,Marchall,Non-binary,26,Nepali
504,Melissa,Female,64,Khmer
505,Benji,Male,48,Gujarati
506,Banky,Agender,42,Latvian
507,Darrin,Polygender,70,Belarusian
508,Leonora,Genderfluid,22,Sotho
509,Rickie,Genderfluid,97,Kyrgyz
510,Phip,Genderfluid,29,Malagasy
511,Desi,Genderfluid,38,Filipino
512,Carilyn,Genderfluid,27,Somali
513,Ingrid,Bigender,94,Gagauz
514,Cherye,Female,82,Tamil
515,Sonia,Genderfluid,48,Amharic
516,Agna,Female,89,Burmese
517,Jeannette,Genderfluid,82,Sotho
518,Shoshanna,Agender,40,Swati
519,Hillyer,Agender,64,Tetum
520,Alexei,Male,99,Papiamento
521,Winslow,Genderqueer,77,Dhivehi
522,Serena,Male,25,Swedish
523,Jemimah,Bigender,93,Gujarati
524,Tobin,Non-binary,25,Gagauz
525,Hersh,Bigender,101,Bengali
526,Chrysa,Agender,88,Romanian
527,Jillie,Agender,85,Punjabi
528,Daisey,Polygender,71,Malayalam
529,Tessie,Agender,70,Danish
530,Kim,Female,94,Portuguese
531,Salem,Polygender,93,Kashmiri
532,Darleen,Genderfluid,83,Italian
533,Brianne,Female,60,Malay
534,Alric,Agender,57,Tetum
535,Ganny,Non-binary,36,Tajik
536,Minerva,Genderfluid,61,Albanian
537,Dario,Agender,93,Tamil
538,Gill,Bigender,23,Bislama
539,Boony,Agender,67,Thai
540,Sayer,Bigender,50,Spanish
541,Glynnis,Non-binary,17,Maltese
542,Durand,Bigender,17,Japanese
543,Henrie,Polygender,59,Dari
544,Samson,Genderfluid,87,Azeri
545,Veda,Male,49,Persian
546,Mignonne,Bigender,101,Montenegrin
547,Dasha,Genderqueer,49,Norwegian
548,Jordanna,Genderfluid,86,Croatian
549,Saleem,Bigender,58,Māori
550,Sharai,Genderqueer,99,Polish
551,Devlin,Genderfluid,94,Catalan
552,Harlen,Male,36,Marathi
553,Prentice,Genderfluid,87,Gujarati
554,Eleanora,Polygender,98,Bengali
555,Brynne,Agender,77,Hiri Motu
556,Sarge,Male,97,Irish Gaelic
557,Sherrie,Agender,34,Finnish
558,Herman,Male,54,Italian
559,Hilly,Genderfluid,35,Bosnian
560,Addi,Agender,52,English
561,Vasilis,Male,42,Chinese
562,Melesa,Female,15,Spanish
563,Mikaela,Female,81,Catalan
564,Paten,Genderqueer,82,Estonian
565,Shelagh,Genderqueer,24,Sotho
566,Fancie,Agender,29,Persian
567,Delmor,Polygender,44,Irish Gaelic
568,Ansel,Male,38,Quechua
569,Viole,Polygender,71,Chinese
570,Prudi,Agender,73,Gujarati
571,Saxe,Genderqueer,63,Czech
572,Giffie,Agender,78,Zulu
573,Avrit,Female,46,Telugu
574,Melosa,Agender,78,Kyrgyz
575,Reinaldos,Bigender,70,Fijian
576,Rakel,Female,51,Kazakh
577,Jonis,Polygender,71,Portuguese
578,Evania,Agender,81,Estonian
579,Natty,Male,64,Polish
580,Aluino,Polygender,86,Amharic
581,Major,Bigender,100,Azeri
582,Ivonne,Female,101,Bengali
583,York,Polygender,59,Georgian
584,Edouard,Genderqueer,88,Kyrgyz
585,Dulcie,Non-binary,12,Romanian
586,Zeb,Non-binary,54,Marathi
587,Terrill,Male,26,Bosnian
588,Mikel,Agender,98,Malayalam
589,Starla,Genderfluid,35,Burmese
590,Bryanty,Female,76,Gagauz
591,Scott,Male,75,Swahili
592,Zara,Polygender,100,Kurdish
593,Sayres,Genderfluid,51,Bulgarian
594,Vivienne,Bigender,31,Haitian Creole
595,Madelaine,Male,79,Dari
596,Bentlee,Agender,50,Latvian
597,Jermaine,Male,43,Montenegrin
598,Dulcine,Female,29,Zulu
599,Shantee,Genderqueer,38,Zulu
600,Eamon,Genderfluid,72,Afrikaans
601,Leupold,Female,76,Gagauz
602,Pattie,Non-binary,89,Nepali
603,Skippie,Genderqueer,20,Croatian
604,Aeriel,Genderfluid,92,Korean
605,Hanson,Female,62,Azeri
606,Sande,Polygender,32,Haitian Creole
607,Huntley,Male,67,Tok Pisin
608,Miles,Female,80,Dari
609,Fanya,Agender,31,Arabic
610,Joela,Polygender,65,Hiri Motu
611,Gabbey,Genderqueer,71,Finnish
612,Astra,Polygender,26,Oriya
613,Rube,Genderfluid,86,Tok Pisin
614,Jorey,Non-binary,59,Ndebele
615,Talbert,Male,91,Arabic
616,Erin,Female,57,Kashmiri
617,Elva,Agender,91,Finnish
618,Nappie,Polygender,86,Lao
619,Trixy,Agender,95,Belarusian
620,Katina,Bigender,93,Romanian
621,Yetta,Non-binary,78,Zulu
622,Ailis,Genderfluid,16,Khmer
623,Serge,Female,67,Ndebele
624,Gage,Bigender,37,Lao
625,Amabelle,Agender,65,Lao
626,Naoma,Bigender,66,Bengali
627,Ignatius,Male,76,Guaraní
628,Roscoe,Bigender,61,Assamese
629,Liv,Polygender,65,New Zealand Sign Language
630,Feodor,Female,90,Burmese
631,Nathaniel,Male,37,Amharic
632,Killy,Polygender,36,Assamese
633,Grata,Genderqueer,29,Italian
634,Gertrudis,Genderqueer,55,Thai
635,Evvy,Agender,33,Latvian
636,Madeleine,Agender,14,Burmese
637,Esma,Female,62,Estonian
638,Sher,Female,90,Moldovan
639,Carol-jean,Genderqueer,12,Zulu
640,Mary,Agender,79,Swati
641,Kalie,Female,51,Fijian
642,Flora,Genderfluid,33,Italian
643,Matelda,Bigender,59,West Frisian
644,Kris,Agender,54,Hiri Motu
645,Barbe,Male,29,Swedish
646,Daryn,Bigender,32,Macedonian
647,Jasen,Bigender,81,Pashto
648,Audrey,Bigender,91,Chinese
649,Julietta,Polygender,97,Spanish
650,Boris,Female,91,Swedish
651,Gratiana,Female,94,Māori
652,Libbie,Non-binary,28,Filipino
653,Nola,Male,87,Portuguese
654,Virgil,Bigender,68,Persian
655,Roch,Non-binary,40,Swedish
656,Sheree,Agender,61,Gujarati
657,Bordie,Genderfluid,46,Afrikaans
658,Karrie,Male,80,Portuguese
659,Gwenora,Genderfluid,22,Luxembourgish
660,Jaime,Non-binary,49,Dutch
661,Michaelina,Female,57,Spanish
662,Kary,Genderqueer,88,Malagasy
663,Linn,Bigender,93,Malagasy
664,Drew,Genderqueer,81,Nepali
665,Bernadine,Genderqueer,24,Oriya
666,Madalyn,Genderfluid,93,Luxembourgish
667,Terese,Genderqueer,47,Finnish
668,Dolorita,Male,71,Kazakh
669,Alister,Female,61,Tajik
670,Stormie,Female,20,Maltese
671,Gillie,Agender,78,Malagasy
672,Damien,Agender,13,Catalan
673,Griz,Genderqueer,45,Yiddish
674,Ramonda,Male,30,Malay
675,Jo-anne,Female,66,Arabic
676,Liuka,Male,41,Malay
677,Merna,Male,67,Georgian
678,Archibald,Male,47,New Zealand Sign Language
679,Townie,Female,63,Tetum
680,Gerrie,Genderqueer,13,Burmese
681,Kristel,Male,81,Malagasy
682,Terrill,Female,36,Afrikaans
683,Vivian,Genderfluid,16,Kannada
684,Ulrike,Genderfluid,41,Japanese
685,Carolina,Male,75,Malay
686,Silvana,Genderqueer,91,Gagauz
687,Bat,Genderqueer,52,Punjabi
688,Gale,Genderfluid,46,Tsonga
689,Calypso,Non-binary,58,Estonian
690,Sylvia,Non-binary,40,Hindi
691,Heath,Female,37,Polish
692,Ashley,Genderqueer,83,Dutch
693,Natala,Agender,66,Bosnian
694,Ida,Non-binary,46,Tswana
695,Robina,Genderqueer,65,Lao
696,Rufe,Agender,44,Italian
697,Wakefield,Bigender,95,Hungarian
698,Carena,Bigender,22,Northern Sotho
699,Effie,Non-binary,77,Kyrgyz
700,Angus,Genderfluid,40,Armenian
701,Toiboid,Polygender,50,Maltese
702,Karine,Bigender,94,Lao
703,Janette,Male,89,Malagasy
704,Brear,Agender,49,Kashmiri
705,Keenan,Agender,77,West Frisian
706,Kessiah,Non-binary,47,Bengali
707,Rockey,Female,44,Hungarian
708,Maury,Male,67,Arabic
709,Cybil,Genderfluid,55,Hebrew
710,Manon,Non-binary,35,Hiri Motu
711,Thomasin,Agender,22,Kurdish
712,Caye,Agender,45,Tajik
713,Vassily,Non-binary,28,Moldovan
714,Scotty,Agender,34,Irish Gaelic
715,Cissy,Genderqueer,49,West Frisian
716,Noel,Genderfluid,23,Bulgarian
717,Nicolle,Female,51,English
718,Elna,Non-binary,22,Hebrew
719,Gipsy,Genderfluid,20,Bislama
720,Ginger,Female,74,Kazakh
721,Adi,Agender,29,Haitian Creole
722,Zilvia,Genderqueer,38,Zulu
723,Shaughn,Genderfluid,92,Danish
724,Harry,Male,70,Quechua
725,Moyna,Bigender,31,Portuguese
726,Willie,Male,66,Bulgarian
727,Marion,Genderfluid,37,Tajik
728,Gwyneth,Male,62,Hungarian
729,Stevana,Genderqueer,41,Yiddish
730,Wolfy,Polygender,78,Montenegrin
731,Miran,Genderfluid,50,Albanian
732,Christye,Female,51,Portuguese
733,Erma,Female,82,Albanian
734,Lawrence,Bigender,58,Montenegrin
735,Oran,Genderfluid,93,Hungarian
736,Astrix,Male,82,Khmer
737,Doll,Genderfluid,59,Ndebele
738,Nikos,Polygender,33,Portuguese
739,Augie,Genderfluid,98,Papiamento
740,Joshia,Agender,73,Amharic
741,Cleon,Polygender,37,Tetum
742,Hanni,Agender,45,Afrikaans
743,Milzie,Male,64,Arabic
744,Leonanie,Polygender,84,Bulgarian
745,Wally,Polygender,56,Hungarian
746,Chrissy,Genderfluid,36,Māori
747,Marleen,Male,81,Bulgarian
748,Clarke,Genderqueer,20,Māori
749,Farley,Agender,33,Assamese
750,Grange,Agender,26,Malayalam
751,Cleavland,Bigender,27,Lithuanian
752,Blondell,Non-binary,20,Amharic
753,Nataniel,Female,15,Armenian
754,Melany,Non-binary,82,Dzongkha
755,Newton,Agender,48,Catalan
756,Armand,Female,15,Tamil
757,Banky,Agender,62,Oriya
758,Washington,Polygender,12,Persian
759,Alyse,Non-binary,26,Icelandic
760,Charles,Genderfluid,98,Estonian
761,Nevin,Female,28,Papiamento
762,Tybi,Male,35,Papiamento
763,Darleen,Genderfluid,39,Kannada
764,Taite,Female,36,Kashmiri
765,Esta,Female,76,Amharic
766,Whitaker,Bigender,24,Fijian
767,Lurline,Agender,86,Arabic
768,Aubrette,Non-binary,77,Lithuanian
769,Miguelita,Non-binary,99,Azeri
770,Dimitry,Agender,54,Kazakh
771,Elsey,Genderqueer,64,Amharic
772,Dorthy,Genderqueer,74,Indonesian
773,Joey,Polygender,62,Filipino
774,Cecelia,Male,59,Persian
775,Cybill,Genderfluid,22,Lithuanian
776,Yevette,Female,65,Maltese
777,Adelaida,Bigender,92,Croatian
778,Graham,Bigender,99,Latvian
779,Kamila,Bigender,97,Filipino
780,Holden,Genderqueer,29,Indonesian
781,Crysta,Bigender,21,Yiddish
782,Carolan,Male,56,Malayalam
783,Guendolen,Genderqueer,90,Arabic
784,Clayborne,Genderqueer,40,New Zealand Sign Language
785,Lindi,Agender,70,Sotho
786,Steward,Agender,19,Guaraní
787,Dugald,Agender,40,Dutch
788,Yvon,Genderfluid,23,Pashto
789,Valencia,Female,23,Tamil
790,Vanna,Non-binary,20,Azeri
791,Amalea,Genderqueer,13,Italian
792,Stacee,Genderfluid,64,French
793,Rose,Polygender,66,Belarusian
794,Morganica,Non-binary,64,Kazakh
795,Daisi,Bigender,92,Finnish
796,Moe,Bigender,84,Tamil
797,Martelle,Polygender,54,Persian
798,Valentino,Polygender,16,Kannada
799,Ciel,Agender,61,Hebrew
800,Horton,Non-binary,44,Northern Sotho
801,Graham,Male,35,Azeri
802,Cherye,Male,25,Malagasy
803,Holly,Bigender,39,Hiri Motu
804,Caro,Bigender,80,Tajik
805,Lenore,Bigender,88,Nepali
806,Cissiee,Genderqueer,41,Montenegrin
807,Gannon,Female,80,Irish Gaelic
808,Shannah,Polygender,57,Amharic
809,Larry,Bigender,82,Lithuanian
810,Robb,Female,28,Dutch
811,Holden,Female,90,Thai
812,Charil,Bigender,67,Tetum
813,Yorke,Genderqueer,28,Kyrgyz
814,Ward,Polygender,40,Hungarian
815,Hermie,Polygender,72,Kannada
816,Marget,Non-binary,36,Arabic
817,Trista,Bigender,78,Montenegrin
818,Damon,Male,73,Spanish
819,Tanitansy,Bigender,79,Lithuanian
820,Bax,Genderqueer,58,Belarusian
821,King,Genderfluid,66,Mongolian
822,Netta,Genderfluid,39,Polish
823,Aylmer,Female,53,Hungarian
824,Raychel,Genderfluid,32,Bosnian
825,Boy,Non-binary,45,Burmese
826,Chase,Non-binary,69,Bosnian
827,Opaline,Genderfluid,16,Norwegian
828,Brett,Genderqueer,62,Bosnian
829,Elayne,Male,97,Dzongkha
830,Jemima,Female,85,Marathi
831,Brenna,Genderfluid,90,Kashmiri
832,Marjory,Genderqueer,48,German
833,Catharine,Polygender,59,Kannada
834,Stafford,Male,101,Swati
835,Scarlett,Genderfluid,83,Thai
836,Scottie,Male,31,French
837,Katerina,Female,81,Māori
838,Pearle,Female,91,Dari
839,Jorie,Non-binary,67,Malagasy
840,Tamarah,Polygender,80,Amharic
841,Dana,Agender,34,Tajik
842,Earlie,Genderqueer,37,Guaraní
843,Merle,Non-binary,18,French
844,Sharla,Female,55,Yiddish
845,Mathe,Polygender,43,Zulu
846,Gertrude,Genderfluid,99,Swedish
847,Giacobo,Non-binary,48,Moldovan
848,Robinetta,Polygender,100,Aymara
849,Jacinta,Agender,60,Kurdish
850,Arne,Non-binary,90,Japanese
851,Barney,Male,89,Tetum
852,Israel,Bigender,100,Azeri
853,Serena,Genderfluid,99,Tswana
854,Winny,Male,92,Lao
855,Gelya,Genderqueer,86,Hebrew
856,Lodovico,Female,87,Latvian
857,Devonna,Male,85,Czech
858,Jourdain,Bigender,61,Kannada
859,Pauly,Bigender,85,Japanese
860,Pearl,Polygender,42,Maltese
861,Lazarus,Genderqueer,35,Icelandic
862,Jehu,Non-binary,100,Chinese
863,Evin,Genderfluid,86,English
864,Jo ann,Agender,95,French
865,Nat,Non-binary,15,Dhivehi
866,Blair,Female,80,Indonesian
867,Cate,Non-binary,14,Tajik
868,Clemmie,Polygender,15,Thai
869,Englebert,Male,52,Amharic
870,Saunder,Female,87,Punjabi
871,Justino,Male,47,Fijian
872,Brander,Genderfluid,17,Luxembourgish
873,Enrico,Bigender,15,Irish Gaelic
874,Antonietta,Bigender,68,Armenian
875,Vite,Genderqueer,82,Tok Pisin
876,Arlette,Male,65,Swati
877,Evania,Male,26,Chinese
878,Wyn,Genderfluid,20,Malay
879,Gay,Agender,41,West Frisian
880,Deloris,Genderfluid,90,Kurdish
881,Rozella,Genderfluid,99,Swedish
882,Cherilynn,Agender,43,Estonian
883,Raquela,Male,80,Haitian Creole
884,Caddric,Bigender,25,Albanian
885,Maryanna,Male,31,Hebrew
886,Briney,Genderfluid,20,Icelandic
887,Zeke,Genderqueer,94,Somali
888,Celine,Genderfluid,40,Tetum
889,Duky,Genderfluid,30,Czech
890,Jehu,Bigender,97,Catalan
891,Laina,Bigender,35,Assamese
892,Reece,Polygender,97,Marathi
893,Godfree,Non-binary,79,Finnish
894,Gilberta,Genderfluid,96,Hebrew
895,Letizia,Male,50,Pashto
896,Wald,Genderqueer,61,Polish
897,Dela,Male,51,Tetum
898,Art,Polygender,88,French
899,Ashlin,Female,61,Fijian
900,Berti,Agender,59,Polish
901,Latia,Agender,100,Quechua
902,Shae,Female,40,Belarusian
903,Kennie,Agender,26,Georgian
904,Kerianne,Female,48,Estonian
905,Paige,Male,32,Swedish
906,Janeczka,Bigender,87,Papiamento
907,Keenan,Genderqueer,22,Telugu
908,Dwayne,Genderqueer,67,English
909,Inez,Non-binary,76,Moldovan
910,Worden,Polygender,36,Afrikaans
911,Jeanie,Male,25,Spanish
912,Charo,Female,76,Bulgarian
913,Marcel,Female,39,Dari
914,Brynna,Non-binary,60,Haitian Creole
915,Gabbie,Polygender,52,Bulgarian
916,Nels,Female,57,Armenian
917,Trula,Genderfluid,56,Chinese
918,Mendy,Polygender,87,Aymara
919,Carley,Male,95,Kannada
920,Daron,Polygender,25,New Zealand Sign Language
921,Town,Bigender,65,Māori
922,Dalenna,Genderfluid,61,Swedish
923,Javier,Agender,23,Haitian Creole
924,Huberto,Bigender,99,Dzongkha
925,Jada,Male,82,Punjabi
926,Baudoin,Agender,78,Fijian
927,Bernadine,Female,45,Guaraní
928,Valeda,Genderfluid,62,Punjabi
929,Robinette,Non-binary,102,Lao
930,Brett,Non-binary,60,Telugu
931,Benyamin,Male,69,Hungarian
932,Farah,Polygender,78,Bengali
933,Risa,Male,30,Tok Pisin
934,Whitby,Male,58,French
935,Mahalia,Agender,49,Kazakh
936,Barbee,Bigender,51,Yiddish
937,Linette,Polygender,64,Chinese
938,Templeton,Genderqueer,35,Hindi
939,Sauncho,Genderfluid,59,Montenegrin
940,Chelsey,Male,62,New Zealand Sign Language
941,Sherrie,Male,69,Tsonga
942,Milka,Bigender,51,Montenegrin
943,Hall,Genderfluid,74,Moldovan
944,Heather,Genderfluid,96,Assamese
945,Zechariah,Bigender,15,Portuguese
946,Ashlin,Agender,30,Kyrgyz
947,Rockey,Bigender,19,Kashmiri
948,Katuscha,Male,77,Tamil
949,Rozamond,Genderfluid,88,Polish
950,Ewen,Bigender,75,Danish
951,Shelby,Bigender,61,Indonesian
952,Gerek,Female,41,Finnish
953,Cicely,Male,51,Burmese
954,Humfrey,Genderqueer,89,Marathi
955,Merry,Male,26,Luxembourgish
956,Alika,Male,22,Mongolian
957,Yuri,Polygender,90,Gujarati
958,Paolina,Female,77,Dari
959,Burgess,Non-binary,25,Malayalam
960,Farica,Male,82,Kyrgyz
961,Kyla,Polygender,15,Kannada
962,Abbot,Bigender,21,Guaraní
963,Elva,Female,92,Bengali
964,Marjy,Polygender,98,Oriya
965,Niel,Non-binary,14,Bengali
966,Lorelei,Genderfluid,75,Sotho
967,Brendis,Non-binary,37,Somali
968,Jesselyn,Female,35,Burmese
969,Scotti,Polygender,36,New Zealand Sign Language
970,Phillipe,Agender,39,Spanish
971,Luciana,Non-binary,24,Punjabi
972,Samuel,Genderfluid,73,Dutch
973,Kai,Non-binary,57,Belarusian
974,Nani,Bigender,60,Polish
975,Giana,Male,61,Bengali
976,Matelda,Female,102,Indonesian
977,Sallyann,Agender,19,Italian
978,Tally,Polygender,64,Hebrew
979,Cindi,Male,64,Georgian
980,Kirby,Polygender,41,Armenian
981,Hayward,Bigender,81,Latvian
982,Sula,Non-binary,23,Thai
983,Ban,Polygender,99,Bosnian
984,Annadiane,Genderqueer,61,Sotho
985,Cherise,Non-binary,65,Montenegrin
986,Killy,Polygender,55,Tamil
987,Johnathon,Male,43,Sotho
988,Jefferson,Genderqueer,21,Azeri
989,Rhodie,Female,102,Assamese
990,Blaire,Male,78,Belarusian
991,Rowland,Agender,68,Armenian
992,Carri,Genderfluid,81,French
993,Winonah,Non-binary,18,Sotho
994,Evanne,Polygender,89,Georgian
995,Gwen,Bigender,15,Portuguese
996,Zulema,Male,15,Afrikaans
997,Rochelle,Non-binary,93,Guaraní
998,Clair,Non-binary,37,Icelandic
999,Georgeta,Polygender,12,Hindi
1000,Etta,Non-binary,69,Romanian
